School_Name,科目,給每一個學生機會和期待,維護公平合理的學習狀態,校準課程體驗和學習目標,掌握課程節奏,善用提問的力量,引導討論和對話,提供嚴謹的學習任務,收集學習數據,設計差異化的課堂,建立融合的學習氛圍,創造學習的樂趣,打造安心無畏的空間,力求課程嚴謹,進行差異化和個人化處遇,激發學生對學習的主動性和責任感,拉伸學生的思考和聲音,做好數據驅動的教學決定,給出有目的性的回饋,拉高學生對內容的概念化理解,能聆聽 察覺 他人的需要並主動積極提出可協助方案,以生態哲學建立「人文關懷」的基礎,以正向溫暖進行溝通,培養成長心態,保持情緒穩定,包容差異,主動積極,掌握課程節奏與教學方法,能蒐集學習數據，驅動教學改變,培養學生主動積極性,依照學生程度擬定教學計畫,學科核心概念與學科地圖的熟捻,能有計畫的夯實學生基礎知識能力,培養學生多元觀點
三民國中,,3.4,3.2,3.5,3.4,2.6666666666666665,3.142857142857143,2.5714285714285716,3.125,3.0,3.111111111111111,3.75,2.75,2.857142857142857,3.5,3.25,2.75,3.0,3.0,3.0,,,,,,,,,,,,,,
三民國小,,3.5,3.25,3.5,3.5,3.25,3.125,2.75,3.375,3.0,3.6,3.5,3.2,4.0,3.5,3.0,3.0,3.5,3.5,2.5,,,,,,,,,,,,,,
仙草實小,,4.0,3.736842105263158,3.6315789473684212,3.6315789473684212,3.6666666666666665,3.7777777777777777,3.388888888888889,3.3684210526315788,3.5,3.7222222222222223,3.789473684210526,3.526315789473684,3.3157894736842106,3.3333333333333335,3.4444444444444446,3.5,3.5,3.7222222222222223,,,,,,,,,,,,,,,
坪林實中,,3.375,3.0625,3.25,3.3125,3.5,3.5,3.125,3.0625,3.25,3.375,3.3333333333333335,3.1875,3.25,3.25,3.25,3.25,3.25,3.5,3.25,,,,,,,,,,,,,,
樟湖生態國中小,,3.857142857142857,3.892857142857143,3.642857142857143,,,,,,,3.7777777777777777,3.607142857142857,3.9285714285714284,3.392857142857143,3.4285714285714284,,,,,,,3.8214285714285716,4.076923076923077,3.2142857142857144,3.607142857142857,3.5185185185185186,3.4642857142857144,3.75,3.25,3.5,3.4285714285714284,3.857142857142857,3.5714285714285716,3.642857142857143
老梅實小,,3.5,3.3846153846153846,3.357142857142857,3.230769230769231,3.0714285714285716,3.1,3.25,3.125,2.8181818181818183,3.25,3.3076923076923075,3.4,3.375,3.1666666666666665,3.272727272727273,3.125,2.7142857142857144,3.090909090909091,3.375,,,,,,,,,,,,,,
